Parental Treatment,Treatment,Plate,Worm,Death_date,Cause,D1,Age,Event,TreatmentCode,Day
Con,Con,1,1,23/04/2025,D,05/04/2025,18,1,cc,18
Con,Con,1,2,23/04/2025,D,05/04/2025,18,1,cc,18
Con,Con,1,3,25/04/2025,D,05/04/2025,20,1,cc,20
Con,Con,1,4,26/04/2025,D,05/04/2025,21,1,cc,21
Con,Con,1,5,26/04/2025,D,05/04/2025,21,1,cc,21
Con,Con,1,6,27/04/2025,D,05/04/2025,22,1,cc,22
Con,Con,1,7,27/04/2025,D,05/04/2025,22,1,cc,22
Con,Con,1,8,29/04/2025,D,05/04/2025,24,1,cc,24
Con,Con,1,9,01/05/2025,D,05/04/2025,26,1,cc,26
Con,Con,1,10,03/05/2025,D,05/04/2025,28,1,cc,28
Con,Con,2,11,10/04/2025,W,05/04/2025,5,0,cc,5
Con,Con,2,12,26/04/2025,D,05/04/2025,21,1,cc,21
Con,Con,2,13,16/04/2025,M,05/04/2025,11,0,cc,11
Con,Con,2,14,27/04/2025,D,05/04/2025,22,1,cc,22
Con,Con,2,15,27/04/2025,D,05/04/2025,22,1,cc,22
Con,Con,2,16,28/04/2025,D,05/04/2025,23,1,cc,23
Con,Con,2,17,28/04/2025,D,05/04/2025,23,1,cc,23
Con,Con,2,18,28/04/2025,D,05/04/2025,23,1,cc,23
Con,Con,2,19,29/04/2025,D,05/04/2025,24,1,cc,24
Con,Con,2,20,07/05/2025,D,05/04/2025,32,1,cc,32
Con,Con,3,21,12/04/2025,M,05/04/2025,7,0,cc,7
Con,Con,3,22,20/04/2025,D,05/04/2025,15,1,cc,15
Con,Con,3,23,24/04/2025,D,05/04/2025,19,1,cc,19
Con,Con,3,24,24/04/2025,D,05/04/2025,19,1,cc,19
Con,Con,3,25,27/04/2025,D,05/04/2025,22,1,cc,22
Con,Con,3,26,27/04/2025,D,05/04/2025,22,1,cc,22
Con,Con,3,27,25/04/2025,L,05/04/2025,20,0,cc,20
Con,Con,3,28,28/04/2025,D,05/04/2025,23,1,cc,23
Con,Con,3,29,30/04/2025,D,05/04/2025,25,1,cc,25
Con,Con,3,30,04/05/2025,D,05/04/2025,29,1,cc,29
Con,Con,4,31,13/04/2025,M,05/04/2025,8,0,cc,8
Con,Con,4,32,17/04/2025,D,05/04/2025,12,1,cc,12
Con,Con,4,33,24/04/2025,D,05/04/2025,19,1,cc,19
Con,Con,4,34,24/04/2025,D,05/04/2025,19,1,cc,19
Con,Con,4,35,27/04/2025,D,05/04/2025,22,1,cc,22
Con,Con,4,36,27/04/2025,D,05/04/2025,22,1,cc,22
Con,Con,4,37,28/04/2025,D,05/04/2025,23,1,cc,23
Con,Con,4,38,28/04/2025,D,05/04/2025,23,1,cc,23
Con,Con,4,39,28/04/2025,D,05/04/2025,23,1,cc,23
Con,Con,4,40,30/04/2025,D,05/04/2025,25,1,cc,25
Con,Con,5,41,24/04/2025,D,05/04/2025,19,1,cc,19
Con,Con,5,42,24/04/2025,D,05/04/2025,19,1,cc,19
Con,Con,5,43,25/04/2025,D,05/04/2025,20,1,cc,20
Con,Con,5,44,26/04/2025,D,05/04/2025,21,1,cc,21
Con,Con,5,45,27/04/2025,D,05/04/2025,22,1,cc,22
Con,Con,5,46,28/04/2025,D,05/04/2025,23,1,cc,23
Con,Con,5,47,29/04/2025,D,05/04/2025,24,1,cc,24
Con,Con,5,48,29/04/2025,D,05/04/2025,24,1,cc,24
Con,Con,5,49,30/04/2025,D,05/04/2025,25,1,cc,25
Con,Con,5,50,03/05/2025,D,05/04/2025,28,1,cc,28
Con,Con,6,51,20/04/2025,D,05/04/2025,15,1,cc,15
Con,Con,6,52,24/04/2025,D,05/04/2025,19,1,cc,19
Con,Con,6,53,24/04/2025,D,05/04/2025,19,1,cc,19
Con,Con,6,54,24/04/2025,D,05/04/2025,19,1,cc,19
Con,Con,6,55,25/04/2025,D,05/04/2025,20,1,cc,20
Con,Con,6,56,25/04/2025,D,05/04/2025,20,1,cc,20
Con,Con,6,57,26/04/2025,D,05/04/2025,21,1,cc,21
Con,Con,6,58,26/04/2025,D,05/04/2025,21,1,cc,21
Con,Con,6,59,26/04/2025,D,05/04/2025,21,1,cc,21
Con,Con,6,60,29/04/2025,D,05/04/2025,24,1,cc,24
Con,Con,7,61,07/04/2025,M,05/04/2025,2,0,cc,2
Con,Con,7,62,16/04/2025,M,05/04/2025,11,0,cc,11
Con,Con,7,63,25/04/2025,D,05/04/2025,20,1,cc,20
Con,Con,7,64,26/04/2025,D,05/04/2025,21,1,cc,21
Con,Con,7,65,26/04/2025,D,05/04/2025,21,1,cc,21
Con,Con,7,66,26/04/2025,D,05/04/2025,21,1,cc,21
Con,Con,7,67,28/04/2025,D,05/04/2025,23,1,cc,23
Con,Con,7,68,29/04/2025,D,05/04/2025,24,1,cc,24
Con,Con,7,69,30/04/2025,D,05/04/2025,25,1,cc,25
Con,Con,7,70,01/05/2025,D,05/04/2025,26,1,cc,26
Con,Con,8,71,16/04/2025,M,05/04/2025,11,0,cc,11
Con,Con,8,72,24/04/2025,D,05/04/2025,19,0,cc,19
Con,Con,8,73,25/04/2025,D,05/04/2025,20,0,cc,20
Con,Con,8,74,27/04/2025,D,05/04/2025,22,1,cc,22
Con,Con,8,75,27/04/2025,D,05/04/2025,22,1,cc,22
Con,Con,8,76,27/04/2025,D,05/04/2025,22,1,cc,22
Con,Con,8,77,28/04/2025,D,05/04/2025,23,1,cc,23
Con,Con,8,78,28/04/2025,D,05/04/2025,23,1,cc,23
Con,Con,8,79,01/05/2025,D,05/04/2025,26,1,cc,26
Con,Con,8,80,06/05/2025,D,05/04/2025,31,1,cc,31
Con,Con,9,81,15/04/2025,M,05/04/2025,10,0,cc,10
Con,Con,9,82,19/04/2025,E,05/04/2025,14,0,cc,14
Con,Con,9,83,19/04/2025,E,05/04/2025,14,0,cc,14
Con,Con,9,84,24/04/2025,D,05/04/2025,19,1,cc,19
Con,Con,9,85,25/04/2025,D,05/04/2025,20,1,cc,20
Con,Con,9,86,27/04/2025,D,05/04/2025,22,1,cc,22
Con,Con,9,87,29/04/2025,D,05/04/2025,24,1,cc,24
Con,Con,9,88,29/04/2025,D,05/04/2025,24,1,cc,24
Con,Con,9,89,30/04/2025,D,05/04/2025,25,1,cc,25
Con,Con,9,90,01/05/2025,D,05/04/2025,26,1,cc,26
Con,Con,10,91,15/04/2025,M,05/04/2025,10,0,cc,10
Con,Con,10,92,18/04/2025,M,05/04/2025,13,0,cc,13
Con,Con,10,93,24/04/2025,D,05/04/2025,19,1,cc,19
Con,Con,10,94,25/04/2025,D,05/04/2025,20,1,cc,20
Con,Con,10,95,25/04/2025,D,05/04/2025,20,1,cc,20
Con,Con,10,96,26/04/2025,D,05/04/2025,21,1,cc,21
Con,Con,10,97,27/04/2025,D,05/04/2025,22,1,cc,22
Con,Con,10,98,29/04/2025,D,05/04/2025,24,1,cc,24
Con,Con,10,99,29/04/2025,D,05/04/2025,24,1,cc,24
Con,Con,10,100,04/05/2025,D,05/04/2025,29,1,cc,29
L1,Con,11,101,24/04/2025,D,06/04/2025,18,1,lc,19
L1,Con,11,102,25/04/2025,D,06/04/2025,19,1,lc,20
L1,Con,11,103,27/04/2025,L,06/04/2025,21,0,lc,22
L1,Con,11,104,27/04/2025,D,06/04/2025,21,1,lc,22
L1,Con,11,105,28/04/2025,D,06/04/2025,22,1,lc,23
L1,Con,11,106,28/04/2025,D,06/04/2025,22,1,lc,23
L1,Con,11,107,28/04/2025,D,06/04/2025,22,1,lc,23
L1,Con,11,108,29/04/2025,D,06/04/2025,23,1,lc,24
L1,Con,11,109,29/04/2025,D,06/04/2025,23,1,lc,24
L1,Con,11,110,30/04/2025,D,06/04/2025,24,1,lc,25
L1,Con,12,111,12/04/2025,M,06/04/2025,6,0,lc,7
L1,Con,12,112,15/04/2025,D,06/04/2025,9,1,lc,10
L1,Con,12,113,23/04/2025,D,06/04/2025,17,1,lc,18
L1,Con,12,114,25/04/2025,D,06/04/2025,19,1,lc,20
L1,Con,12,115,28/04/2025,D,06/04/2025,22,1,lc,23
L1,Con,12,116,28/04/2025,D,06/04/2025,22,1,lc,23
L1,Con,12,117,29/04/2025,D,06/04/2025,23,1,lc,24
L1,Con,12,118,29/04/2025,D,06/04/2025,23,1,lc,24
L1,Con,12,119,02/05/2025,D,06/04/2025,26,1,lc,27
L1,Con,12,120,03/05/2025,D,06/04/2025,27,1,lc,28
L1,Con,13,121,19/04/2025,M,06/04/2025,13,0,lc,14
L1,Con,13,122,21/04/2025,D,06/04/2025,15,1,lc,16
L1,Con,13,123,25/04/2025,D,06/04/2025,19,1,lc,20
L1,Con,13,124,26/04/2025,D,06/04/2025,20,1,lc,21
L1,Con,13,125,27/04/2025,D,06/04/2025,21,1,lc,22
L1,Con,13,126,28/04/2025,D,06/04/2025,22,1,lc,23
L1,Con,13,127,30/04/2025,D,06/04/2025,24,1,lc,25
L1,Con,13,128,30/04/2025,D,06/04/2025,24,1,lc,25
L1,Con,13,129,02/05/2025,D,06/04/2025,26,1,lc,27
L1,Con,13,130,04/05/2025,D,06/04/2025,28,1,lc,29
L1,Con,14,131,16/04/2025,L,06/04/2025,10,0,lc,11
L1,Con,14,132,25/04/2025,D,06/04/2025,19,1,lc,20
L1,Con,14,133,25/04/2025,D,06/04/2025,19,1,lc,20
L1,Con,14,134,26/04/2025,D,06/04/2025,20,1,lc,21
L1,Con,14,135,27/04/2025,D,06/04/2025,21,1,lc,22
L1,Con,14,136,27/04/2025,D,06/04/2025,21,1,lc,22
L1,Con,14,137,27/04/2025,L,06/04/2025,21,0,lc,22
L1,Con,14,138,26/04/2025,D,06/04/2025,20,1,lc,21
L1,Con,14,139,28/04/2025,D,06/04/2025,22,1,lc,23
L1,Con,14,140,28/04/2025,D,06/04/2025,22,1,lc,23
L1,Con,15,141,09/04/2025,M,06/04/2025,3,0,lc,4
L1,Con,15,142,12/04/2025,M,06/04/2025,6,0,lc,7
L1,Con,15,143,22/04/2025,D,06/04/2025,16,1,lc,17
L1,Con,15,144,25/04/2025,D,06/04/2025,19,1,lc,20
L1,Con,15,145,26/04/2025,D,06/04/2025,20,1,lc,21
L1,Con,15,146,27/04/2025,D,06/04/2025,21,1,lc,22
L1,Con,15,147,28/04/2025,D,06/04/2025,22,1,lc,23
L1,Con,15,148,30/04/2025,D,06/04/2025,24,1,lc,25
L1,Con,15,149,30/04/2025,D,06/04/2025,24,1,lc,25
L1,Con,15,150,02/05/2025,D,06/04/2025,26,1,lc,27
L1,Con,16,151,25/04/2025,D,06/04/2025,19,1,lc,20
L1,Con,16,152,25/04/2025,D,06/04/2025,19,1,lc,20
L1,Con,16,153,25/04/2025,I,06/04/2025,19,0,lc,20
L1,Con,16,154,25/04/2025,I,06/04/2025,19,0,lc,20
L1,Con,16,155,25/04/2025,I,06/04/2025,19,0,lc,20
L1,Con,16,156,25/04/2025,I,06/04/2025,19,0,lc,20
L1,Con,16,157,25/04/2025,I,06/04/2025,19,0,lc,20
L1,Con,16,158,25/04/2025,I,06/04/2025,19,0,lc,20
L1,Con,16,159,25/04/2025,I,06/04/2025,19,0,lc,20
L1,Con,16,160,25/04/2025,I,06/04/2025,19,0,lc,20
L1,Con,17,161,14/04/2025,L,06/04/2025,8,0,lc,9
L1,Con,17,162,15/04/2025,M,06/04/2025,9,0,lc,10
L1,Con,17,163,18/04/2025,M,06/04/2025,12,0,lc,13
L1,Con,17,164,24/04/2025,D,06/04/2025,18,1,lc,19
L1,Con,17,165,24/04/2025,D,06/04/2025,18,1,lc,19
L1,Con,17,166,27/04/2025,D,06/04/2025,21,1,lc,22
L1,Con,17,167,27/04/2025,D,06/04/2025,21,1,lc,22
L1,Con,17,168,28/04/2025,D,06/04/2025,22,1,lc,23
L1,Con,17,169,28/04/2025,D,06/04/2025,22,1,lc,23
L1,Con,17,170,28/04/2025,D,06/04/2025,22,1,lc,23
L1,Con,18,171,18/04/2025,M,06/04/2025,12,0,lc,13
L1,Con,18,172,22/04/2025,L,06/04/2025,16,0,lc,17
L1,Con,18,173,24/04/2025,D,06/04/2025,18,1,lc,19
L1,Con,18,174,22/04/2025,I,06/04/2025,16,0,lc,17
L1,Con,18,175,22/04/2025,I,06/04/2025,16,0,lc,17
L1,Con,18,176,22/04/2025,I,06/04/2025,16,0,lc,17
L1,Con,18,177,22/04/2025,I,06/04/2025,16,0,lc,17
L1,Con,18,178,22/04/2025,I,06/04/2025,16,0,lc,17
L1,Con,18,179,22/04/2025,I,06/04/2025,16,0,lc,17
L1,Con,18,180,22/04/2025,I,06/04/2025,16,0,lc,17
L1,Con,19,181,13/04/2025,M,06/04/2025,7,0,lc,8
L1,Con,19,182,16/04/2025,M,06/04/2025,10,0,lc,11
L1,Con,19,183,18/04/2025,M,06/04/2025,12,0,lc,13
L1,Con,19,184,20/04/2025,M,06/04/2025,14,0,lc,15
L1,Con,19,185,20/04/2025,D,06/04/2025,14,1,lc,15
L1,Con,19,186,25/04/2025,D,06/04/2025,19,1,lc,20
L1,Con,19,187,25/04/2025,D,06/04/2025,19,1,lc,20
L1,Con,19,188,28/04/2025,D,06/04/2025,22,1,lc,23
L1,Con,19,189,28/04/2025,D,06/04/2025,22,1,lc,23
L1,Con,19,190,02/05/2025,D,06/04/2025,26,1,lc,27
L1,Con,20,191,08/04/2025,L,06/04/2025,2,0,lc,3
L1,Con,20,192,13/04/2025,M,06/04/2025,7,0,lc,8
L1,Con,20,193,13/04/2025,L,06/04/2025,7,0,lc,8
L1,Con,20,194,23/04/2025,D,06/04/2025,17,1,lc,18
L1,Con,20,195,25/04/2025,D,06/04/2025,19,1,lc,20
L1,Con,20,196,27/04/2025,D,06/04/2025,21,1,lc,22
L1,Con,20,197,28/04/2025,D,06/04/2025,22,1,lc,23
L1,Con,20,198,28/04/2025,D,06/04/2025,22,1,lc,23
L1,Con,20,199,01/05/2025,D,06/04/2025,25,1,lc,26
L1,Con,20,200,01/05/2025,D,06/04/2025,25,1,lc,26
Con,L1,21,201,20/04/2025,M,12/04/2025,8,0,cl,15
Con,L1,21,202,24/04/2025,M,12/04/2025,12,0,cl,19
Con,L1,21,203,25/04/2025,D,12/04/2025,13,1,cl,20
Con,L1,21,204,26/04/2025,D,12/04/2025,14,1,cl,21
Con,L1,21,205,30/04/2025,D,12/04/2025,18,1,cl,25
Con,L1,21,206,30/04/2025,D,12/04/2025,18,1,cl,25
Con,L1,21,207,01/05/2025,D,12/04/2025,19,1,cl,26
Con,L1,21,208,03/05/2025,D,12/04/2025,21,1,cl,28
Con,L1,21,209,04/05/2025,D,12/04/2025,22,1,cl,29
Con,L1,21,210,07/05/2025,D,12/04/2025,25,1,cl,32
Con,L1,22,211,15/04/2025,L,12/04/2025,3,0,cl,10
Con,L1,22,212,18/04/2025,M,12/04/2025,6,0,cl,13
Con,L1,22,213,18/04/2025,M,12/04/2025,6,0,cl,13
Con,L1,22,214,01/05/2025,D,12/04/2025,19,1,cl,26
Con,L1,22,215,01/05/2025,D,12/04/2025,19,1,cl,26
Con,L1,22,216,02/05/2025,D,12/04/2025,20,1,cl,27
Con,L1,22,217,02/05/2025,D,12/04/2025,20,1,cl,27
Con,L1,22,218,03/05/2025,D,12/04/2025,21,1,cl,28
Con,L1,22,219,03/05/2025,D,12/04/2025,21,1,cl,28
Con,L1,22,220,04/05/2025,D,12/04/2025,22,1,cl,29
Con,L1,23,221,20/04/2025,L,12/04/2025,8,0,cl,15
Con,L1,23,222,23/04/2025,M,12/04/2025,11,0,cl,18
Con,L1,23,223,01/05/2025,D,12/04/2025,19,1,cl,26
Con,L1,23,224,02/05/2025,D,12/04/2025,20,1,cl,27
Con,L1,23,225,03/05/2025,D,12/04/2025,21,1,cl,28
Con,L1,23,226,03/05/2025,D,12/04/2025,21,1,cl,28
Con,L1,23,227,03/05/2025,D,12/04/2025,21,1,cl,28
Con,L1,23,228,03/05/2025,D,12/04/2025,21,1,cl,28
Con,L1,23,229,03/05/2025,D,12/04/2025,21,1,cl,28
Con,L1,23,230,07/05/2025,D,12/04/2025,25,1,cl,32
Con,L1,24,231,18/04/2025,W,12/04/2025,6,0,cl,13
Con,L1,24,232,20/04/2025,M,12/04/2025,8,0,cl,15
Con,L1,24,233,22/04/2025,M,12/04/2025,10,1,cl,17
Con,L1,24,234,29/04/2025,D,12/04/2025,17,1,cl,24
Con,L1,24,235,01/05/2025,D,12/04/2025,19,1,cl,26
Con,L1,24,236,01/05/2025,D,12/04/2025,19,1,cl,26
Con,L1,24,237,01/05/2025,D,12/04/2025,19,1,cl,26
Con,L1,24,238,03/05/2025,D,12/04/2025,21,1,cl,28
Con,L1,24,239,03/05/2025,D,12/04/2025,21,1,cl,28
Con,L1,24,240,05/05/2025,D,12/04/2025,23,1,cl,30
Con,L1,25,241,13/04/2025,M,12/04/2025,1,0,cl,8
Con,L1,25,242,16/04/2025,M,12/04/2025,4,0,cl,11
Con,L1,25,243,26/04/2025,M,12/04/2025,14,0,cl,21
Con,L1,25,244,30/04/2025,D,12/04/2025,18,1,cl,25
Con,L1,25,245,02/05/2025,M,12/04/2025,20,1,cl,27
Con,L1,25,246,03/05/2025,D,12/04/2025,21,1,cl,28
Con,L1,25,247,03/05/2025,D,12/04/2025,21,1,cl,28
Con,L1,25,248,03/05/2025,D,12/04/2025,21,1,cl,28
Con,L1,25,249,03/05/2025,D,12/04/2025,21,1,cl,28
Con,L1,25,250,04/05/2025,D,12/04/2025,22,1,cl,29
Con,L1,26,251,28/04/2025,D,12/04/2025,16,1,cl,23
Con,L1,26,252,28/04/2025,D,12/04/2025,16,1,cl,23
Con,L1,26,253,29/04/2025,D,12/04/2025,17,1,cl,24
Con,L1,26,254,29/04/2025,D,12/04/2025,17,1,cl,24
Con,L1,26,255,01/05/2025,D,12/04/2025,19,1,cl,26
Con,L1,26,256,01/05/2025,D,12/04/2025,19,1,cl,26
Con,L1,26,257,02/05/2025,D,12/04/2025,20,1,cl,27
Con,L1,26,258,02/05/2025,D,12/04/2025,20,1,cl,27
Con,L1,26,259,03/05/2025,D,12/04/2025,21,1,cl,28
Con,L1,26,260,04/05/2025,D,12/04/2025,22,1,cl,29
Con,L1,27,261,21/04/2025,D,12/04/2025,9,1,cl,16
Con,L1,27,262,24/04/2025,D,12/04/2025,12,1,cl,19
Con,L1,27,263,30/04/2025,D,12/04/2025,18,1,cl,25
Con,L1,27,264,02/05/2025,D,12/04/2025,20,1,cl,27
Con,L1,27,265,03/05/2025,D,12/04/2025,21,1,cl,28
Con,L1,27,266,03/05/2025,D,12/04/2025,21,1,cl,28
Con,L1,27,267,03/05/2025,D,12/04/2025,21,1,cl,28
Con,L1,27,268,05/05/2025,D,12/04/2025,23,1,cl,30
Con,L1,27,269,06/05/2025,D,12/04/2025,24,1,cl,31
Con,L1,27,270,07/05/2025,D,12/04/2025,25,1,cl,32
Con,L1,28,271,18/04/2025,M,12/04/2025,6,0,cl,13
Con,L1,28,272,21/04/2025,M,12/04/2025,9,0,cl,16
Con,L1,28,273,24/04/2025,M,12/04/2025,12,0,cl,19
Con,L1,28,274,24/04/2025,L,12/04/2025,12,0,cl,19
Con,L1,28,275,26/04/2025,L,12/04/2025,14,0,cl,21
Con,L1,28,276,01/05/2025,D,12/04/2025,19,1,cl,26
Con,L1,28,277,02/05/2025,D,12/04/2025,20,1,cl,27
Con,L1,28,278,02/05/2025,D,12/04/2025,20,1,cl,27
Con,L1,28,279,03/05/2025,D,12/04/2025,21,1,cl,28
Con,L1,28,280,03/05/2025,D,12/04/2025,21,1,cl,28
Con,L1,29,281,19/04/2025,W,12/04/2025,7,0,cl,14
Con,L1,29,282,19/04/2025,W,12/04/2025,7,0,cl,14
Con,L1,29,283,22/04/2025,M,12/04/2025,10,0,cl,17
Con,L1,29,284,29/04/2025,D,12/04/2025,17,1,cl,24
Con,L1,29,285,30/04/2025,D,12/04/2025,18,1,cl,25
Con,L1,29,286,01/05/2025,D,12/04/2025,19,1,cl,26
Con,L1,29,287,02/05/2025,D,12/04/2025,20,1,cl,27
Con,L1,29,288,04/05/2025,D,12/04/2025,22,1,cl,29
Con,L1,29,289,05/05/2025,D,12/04/2025,23,1,cl,30
Con,L1,29,290,05/05/2025,D,12/04/2025,23,1,cl,30
Con,L1,30,291,27/04/2025,D,12/04/2025,15,1,cl,22
Con,L1,30,292,29/04/2025,D,12/04/2025,17,1,cl,24
Con,L1,30,293,30/04/2025,D,12/04/2025,18,1,cl,25
Con,L1,30,294,01/05/2025,D,12/04/2025,19,1,cl,26
Con,L1,30,295,02/05/2025,D,12/04/2025,20,1,cl,27
Con,L1,30,296,03/05/2025,D,12/04/2025,21,1,cl,28
Con,L1,30,297,03/05/2025,D,12/04/2025,21,1,cl,28
Con,L1,30,298,03/05/2025,D,12/04/2025,21,1,cl,28
Con,L1,30,299,04/05/2025,D,12/04/2025,22,1,cl,29
Con,L1,30,300,05/05/2025,D,12/04/2025,23,1,cl,30
L1,L1,31,301,30/04/2025,D,13/04/2025,17,1,ll,25
L1,L1,31,302,30/04/2025,D,13/04/2025,17,1,ll,25
L1,L1,31,303,30/04/2025,D,13/04/2025,17,1,ll,25
L1,L1,31,304,01/05/2025,D,13/04/2025,18,1,ll,26
L1,L1,31,305,01/05/2025,D,13/04/2025,18,1,ll,26
L1,L1,31,306,03/05/2025,D,13/04/2025,20,1,ll,28
L1,L1,31,307,03/05/2025,D,13/04/2025,20,1,ll,28
L1,L1,31,308,04/05/2025,D,13/04/2025,21,1,ll,29
L1,L1,31,309,06/05/2025,D,13/04/2025,23,1,ll,31
L1,L1,31,310,11/05/2025,D,13/04/2025,28,1,ll,36
L1,L1,32,311,21/04/2025,M,13/04/2025,8,0,ll,16
L1,L1,32,312,24/04/2025,M,13/04/2025,11,0,ll,19
L1,L1,32,313,30/04/2025,D,13/04/2025,17,1,ll,25
L1,L1,32,314,30/04/2025,D,13/04/2025,17,1,ll,25
L1,L1,32,315,01/05/2025,D,13/04/2025,18,1,ll,26
L1,L1,32,316,01/05/2025,D,13/04/2025,18,1,ll,26
L1,L1,32,317,03/05/2025,D,13/04/2025,20,1,ll,28
L1,L1,32,318,05/05/2025,D,13/04/2025,22,1,ll,30
L1,L1,32,319,07/05/2025,D,13/04/2025,24,1,ll,32
L1,L1,32,320,11/05/2025,D,13/04/2025,28,1,ll,36
L1,L1,33,321,15/04/2025,M,13/04/2025,2,0,ll,10
L1,L1,33,322,16/04/2025,M,13/04/2025,3,0,ll,11
L1,L1,33,323,20/04/2025,M,13/04/2025,7,0,ll,15
L1,L1,33,324,02/05/2025,D,13/04/2025,19,1,ll,27
L1,L1,33,325,02/05/2025,D,13/04/2025,19,1,ll,27
L1,L1,33,326,03/05/2025,D,13/04/2025,20,1,ll,28
L1,L1,33,327,03/05/2025,D,13/04/2025,20,1,ll,28
L1,L1,33,328,04/05/2025,D,13/04/2025,21,1,ll,29
L1,L1,33,329,06/05/2025,D,13/04/2025,23,1,ll,31
L1,L1,33,330,08/05/2025,D,13/04/2025,25,1,ll,33
L1,L1,34,331,24/04/2025,L,13/04/2025,11,0,ll,19
L1,L1,34,332,24/04/2025,L,13/04/2025,11,0,ll,19
L1,L1,34,333,24/04/2025,L,13/04/2025,11,0,ll,19
L1,L1,34,334,24/04/2025,D,13/04/2025,11,1,ll,19
L1,L1,34,335,30/04/2025,D,13/04/2025,17,1,ll,25
L1,L1,34,336,02/05/2025,D,13/04/2025,19,1,ll,27
L1,L1,34,337,03/05/2025,D,13/04/2025,20,1,ll,28
L1,L1,34,338,03/05/2025,D,13/04/2025,20,1,ll,28
L1,L1,34,339,04/05/2025,D,13/04/2025,21,1,ll,29
L1,L1,34,340,04/05/2025,D,13/04/2025,21,1,ll,29
L1,L1,35,341,20/04/2025,M,13/04/2025,7,0,ll,15
L1,L1,35,342,27/04/2025,M,13/04/2025,14,0,ll,22
L1,L1,35,343,01/05/2025,D,13/04/2025,18,1,ll,26
L1,L1,35,344,02/05/2025,D,13/04/2025,19,1,ll,27
L1,L1,35,345,05/05/2025,D,13/04/2025,22,1,ll,30
L1,L1,35,346,05/05/2025,D,13/04/2025,22,1,ll,30
L1,L1,35,347,06/05/2025,D,13/04/2025,23,1,ll,31
L1,L1,35,348,08/05/2025,D,13/04/2025,25,1,ll,33
L1,L1,35,349,08/05/2025,D,13/04/2025,25,1,ll,33
L1,L1,35,350,09/05/2025,D,13/04/2025,26,1,ll,34
L1,L1,36,351,19/04/2025,M,13/04/2025,6,0,ll,14
L1,L1,36,352,24/04/2025,M,13/04/2025,11,0,ll,19
L1,L1,36,353,25/04/2025,D,13/04/2025,12,1,ll,20
L1,L1,36,354,28/04/2025,D,13/04/2025,15,1,ll,23
L1,L1,36,355,30/04/2025,D,13/04/2025,17,1,ll,25
L1,L1,36,356,01/05/2025,D,13/04/2025,18,1,ll,26
L1,L1,36,357,05/05/2025,D,13/04/2025,22,1,ll,30
L1,L1,36,358,07/05/2025,D,13/04/2025,24,1,ll,32
L1,L1,36,359,07/05/2025,D,13/04/2025,24,1,ll,32
L1,L1,36,360,08/05/2025,D,13/04/2025,25,1,ll,33
L1,L1,37,361,28/04/2025,D,13/04/2025,15,1,ll,23
L1,L1,37,362,03/05/2025,D,13/04/2025,20,1,ll,28
L1,L1,37,363,03/05/2025,D,13/04/2025,20,1,ll,28
L1,L1,37,364,05/05/2025,D,13/04/2025,22,1,ll,30
L1,L1,37,365,05/05/2025,D,13/04/2025,22,1,ll,30
L1,L1,37,366,06/05/2025,D,13/04/2025,23,1,ll,31
L1,L1,37,367,06/05/2025,D,13/04/2025,23,1,ll,31
L1,L1,37,368,06/05/2025,D,13/04/2025,23,1,ll,31
L1,L1,37,369,08/05/2025,D,13/04/2025,25,1,ll,33
L1,L1,37,370,11/05/2025,D,13/04/2025,28,1,ll,36
L1,L1,38,371,19/04/2025,M,13/04/2025,6,0,ll,14
L1,L1,38,372,25/04/2025,M,13/04/2025,12,0,ll,20
L1,L1,38,373,01/05/2025,D,13/04/2025,18,1,ll,26
L1,L1,38,374,01/05/2025,D,13/04/2025,18,1,ll,26
L1,L1,38,375,02/05/2025,D,13/04/2025,19,1,ll,27
L1,L1,38,376,02/05/2025,D,13/04/2025,19,1,ll,27
L1,L1,38,377,02/05/2025,D,13/04/2025,19,1,ll,27
L1,L1,38,378,03/05/2025,D,13/04/2025,20,1,ll,28
L1,L1,38,379,04/05/2025,D,13/04/2025,21,1,ll,29
L1,L1,38,380,05/05/2025,D,13/04/2025,22,1,ll,30
L1,L1,39,381,17/04/2025,M,13/04/2025,4,0,ll,12
L1,L1,39,382,27/04/2025,M,13/04/2025,14,0,ll,22
L1,L1,39,383,30/04/2025,D,13/04/2025,17,1,ll,25
L1,L1,39,384,01/05/2025,D,13/04/2025,18,1,ll,26
L1,L1,39,385,01/05/2025,D,13/04/2025,18,1,ll,26
L1,L1,39,386,04/05/2025,D,13/04/2025,21,1,ll,29
L1,L1,39,387,05/05/2025,D,13/04/2025,22,1,ll,30
L1,L1,39,388,06/05/2025,D,13/04/2025,23,1,ll,31
L1,L1,39,389,06/05/2025,D,13/04/2025,23,1,ll,31
L1,L1,39,390,06/05/2025,D,13/04/2025,23,1,ll,31
L1,L1,40,391,23/04/2025,M,13/04/2025,10,0,ll,18
L1,L1,40,392,24/04/2025,D,13/04/2025,11,1,ll,19
L1,L1,40,393,29/04/2025,D,13/04/2025,16,1,ll,24
L1,L1,40,394,29/04/2025,D,13/04/2025,16,1,ll,24
L1,L1,40,395,30/04/2025,D,13/04/2025,17,1,ll,25
L1,L1,40,396,03/05/2025,D,13/04/2025,20,1,ll,28
L1,L1,40,397,04/05/2025,D,13/04/2025,21,1,ll,29
L1,L1,40,398,05/05/2025,D,13/04/2025,22,1,ll,30
L1,L1,40,399,05/05/2025,D,13/04/2025,22,1,ll,30
L1,L1,40,400,05/05/2025,D,13/04/2025,22,1,ll,30
